893,jonathan,,,,
894,jonathan,,,,
895,Admin,,,,
896,jonathan,,,,
897,mchelo,,,,
898,Admin,,,,
899,jonathan,,,,
900,Admin,,,,
901,mchelo,,,,
902,jonathan,,,,
903,Admin,,,,
904,mchelo,,,,
905,Admin,,,,
906,jonathan,,,,
907,Admin,,,,
908,mchelo,,,,
909,jonathan,,,,
910,jonathan,,,,
911,Admin,,,,
912,mchelo,,,,
913,jonathan,,,,
914,jonathan,,,,
915,jonathan,,,,
916,jonathan,,,,
917,jonathan,,,,
918,jonathan,,,,
919,jonathan,,,,
920,mchelo,,,,
921,Admin,,,,
922,jonathan,,,,
923,mchelo,,,,
924,Admin,,,,
925,mchelo,,,,
926,jonathan,,,,
927,Admin,,,,
928,mchelo,,,,
929,mchelo,,,,
930,jonathan,,,,
931,mchelo,,,,
932,Admin,,,,
933,mchelo,,,,
934,jonathan,,,,
935,mchelo,,,,
936,Admin,,,,
937,Admin,,,,
938,mchelo,,,,
939,Admin,,,,
940,mchelo,,,,
941,jonathan,,,,
942,Admin,,,,
943,mchelo,,,,
944,jonathan,,,,
945,mchelo,,,,
946,Admin,,,,
947,mchelo,,,,
948,jonathan,,,,
949,Admin,,,,
950,jonathan,,,,
951,mchelo,,,,
952,Admin,,,,
953,jonathan,,,,
954,Admin,,,,
955,mchelo,,,,
956,jonathan,,,,
957,mchelo,,,,
958,Admin,,,,
959,Admin,,,,
960,mchelo,,,,
961,jonathan,,,,
962,mchelo,,,,
963,Admin,,,,
964,Admin,,,,
965,jonathan,,,,
966,jonathan,,,,
967,Admin,,,,
968,mchelo,,,,
969,mchelo,,,,
970,Admin,,,,
971,mchelo,,,,
972,jonathan,,,,
973,jonathan,,,,
974,mchelo,,,,
975,Admin,,,,
976,jonathan,,,,
977,Admin,,,,
978,jonathan,,,,
979,mchelo,,,,
980,Admin,,,,
981,jonathan,,,,
982,Admin,,,,
983,jonathan,,,,
984,jonathan,,,,
985,mchelo,,,,
986,Admin,,,,
987,mchelo,,,,
988,Admin,,,,
989,jonathan,,,,
990,Admin,,,,
991,jonathan,,,,
992,mchelo,,,,
993,Admin,,,,
994,Admin,,,,
995,jonathan,,,,
996,Admin,,,,
997,Admin,,,,
998,jonathan,,,,
999,mchelo,,,,
1000,Admin,,,,
1001,jonathan,,,,
1002,jonathan,,,,
1003,Admin,,,,
1004,mchelo,,,,
1005,jonathan,,,,
1006,Admin,,,,
1007,jonathan,,,,
1008,Admin,,,,
1009,mchelo,,,,
1010,jonathan,,,,
1011,Admin,,,,
1012,mchelo,,,,
1013,Admin,,,,
1014,Admin,,,,
1015,mchelo,,,,
1016,jonathan,,,,
1017,mchelo,,,,
1018,jonathan,,,,
1019,Admin,,,,
1020,mchelo,,,,
1021,jonathan,,,,
1022,mchelo,,,,
1023,Admin,,,,
1024,jonathan,,,,
1025,mchelo,,,,
1026,Admin,,,,
1027,jonathan,,,,
1028,Admin,,,,
1029,Admin,,,,
1030,mchelo,,,,
1031,gusangulomele89,,,,
1032,Admin,,,,
1033,jonathan,,,,
1034,Admin,,,,
1035,mchelo,,,,
1036,jonathan,,,,
1037,mchelo,,,,
1038,Admin,,,,
1039,jonathan,,,,
1040,Admin,,,,
1041,mchelo,,,,
1042,jonathan,,,,
1043,jonathan,,,,
1044,Admin,,,,
1045,jonathan,,,,
1046,jonathan,,,,
1047,mchelo,,,,
1048,Admin,,,,
1049,Admin,,,,
1050,jonathan,,,,
1051,mchelo,,,,
1052,Admin,,,,
1053,jonathan,,,,
1054,Admin,,,,
1055,jonathan,,,,
1056,Admin,,,,
1057,mchelo,,,,
1058,jonathan,,,,
1059,jonathan,,,,
1060,Admin,,,,
1061,mchelo,,,,
1062,jonathan,,,,
1063,mchelo,,,,
1064,Admin,,,,
1065,jonathan,,,,
1066,jonathan,,,,
1067,Admin,,,,
1068,mchelo,,,,
1069,Admin,,,,
1070,jonathan,,,,
1071,Admin,,,,
1072,jonathan,,,,
1073,jonathan,,,,
1074,mchelo,,,,
1075,jonathan,,,,
1076,Admin,,,,
1077,mchelo,,,,
1078,Admin,,,,
1079,mchelo,,,,
1080,gusangulomele89,,,,
1081,gusangulomele89,,,,
1082,gusangulomele89,,,,
1083,gusangulomele89,,,,
1084,gusangulomele89,,,,
1085,gusangulomele89,,,,
1086,gusangulomele89,,,,
1087,gusangulomele89,,,,
1088,gusangulomele89,,,,
1089,gusangulomele89,,,,
1090,gusangulomele89,,,,
1091,gusangulomele89,,,,
1092,gusangulomele89,,,,
1093,gusangulomele89,,,,
1094,gusangulomele89,,,,
1095,gusangulomele89,,,,
1096,gusangulomele89,,,,
1097,gusangulomele89,,,,
1098,gusangulomele89,,,,
1099,gusangulomele89,,,,
1100,gusangulomele89,,,,
1101,gusangulomele89,,,,
1102,gusangulomele89,,,,
1103,gusangulomele89,,,,
1104,gusangulomele89,,,,
1105,Admin,,,,
1106,jonathan,,,,
1107,gusangulomele89,,,,
1108,gusangulomele89,,,,
1109,gusgus,,,,
1110,gusangulomele89,,,,
1111,gusangulomele,,,,
1112,gusgus,,,,
1113,gusgus,,,,
1114,gusgus,,,,
1115,gusgus,,,,
1116,gusgus,,,,
1117,gusgus,,,,
1118,gusgus,,,,
1119,gusgus,,,,
1120,gusgus,,,,
1121,gusgus,,,,
1122,gusgus,,,,
1123,gusgus,,,,
1124,gusgus,,,,
1125,gusgus,,,,
1126,gusgus,,,,
1127,gusgus,,,,
1128,gusgus,,,,
1129,gusgus,,,,
1130,gusgus,,,,
1131,gusgus,,,,
1132,gusgus,,,,
1133,gusgus,,,,
1134,gusgus,,,,
1135,gusgus,,,,
1136,gusgus,,,,
1137,gusgus,,,,
1138,gusgus,,,,
1139,gusgus,,,,
1140,gusgus,,,,
1141,gusgus,,,,
1142,,,,,
1143,gusgus,,,,
1144,,,,,
1145,gusgus,,,,
1146,gusgus,,,,
1147,gusgus,,,,
1148,gusgus,,,,
1149,gusgus,,,,
1150,gusgus,,,,
1151,gusgus,,,,
1152,gusgus,,,,
1153,gusgus,,,,
1154,gusgus,,,,
1155,gusgus,,,,
1156,gusgus,,,,
1157,gusgus,,,,
1158,gusgus,,,,
1159,,,,,
1160,,,,,
1161,,,,,
1162,gusconsulta,,,,
1163,gusconsulta,,,,
1164,gusconsulta,,,,
1165,gusgus,,,,
1166,gusgus,,,,
1167,gusgus,,,,
1168,gusgus,,,,
1169,gusgus,,,,
1170,gusgus,,,,
1171,gusgus,,,,
1172,gusgus,,,,
1173,gusgus,,,,
1174,gusgus,,,,
1175,gusgus,,,,
1176,gusgus,,,,
1177,gusgus,,,,
1178,Admin,,,,
1179,Admin,,,,
1180,Admin,,,,
1181,Admin,,,,
1182,Admin,,,,
1183,Admin,,,,
1184,Admin,,,,
1185,Admin,,,,
1186,Admin,,,,
1187,,,,,
1188,Admin,,,,
1189,Admin,,,,
1190,Admin,,,,
1191,Admin,,,,
1192,Admin,,,,
1193,Admin,,,,
1194,Admin,,,,
1195,Admin,,,,
1196,Admin,,,,
1197,Admin,,,,
1198,Admin,,,,
